fullReferrer,sessions,sessionDuration,avgSessionDuration,bounces,bounceRate,pageViews,avgTimeOnPage,pageViewsPerSession,exits,exitRate
(direct),8334,913213,109.57679385649148,5424,65.08279337652988,17432,100.35461538461539,2.091672666186705,8332,47.79715465810004
134.122.108.162/user/jon_m/notebooks/Untitled.ipynb,1,0,0,1,100,1,0,1,1,100
8legs.com/dashboard/alerts/results,1,0,0,1,100,1,0,1,1,100
8legs.com/dashboard/searchViewJobPage,1,24,24,0,0,3,12.5,3,1,33.33333333333333
activenetwork.lightning.force.com/,1,0,0,1,100,1,0,1,1,100
activenetwork.my.salesforce.com/,2,171,85.5,0,0,11,19.11111111111111,5.5,2,18.181818181818183
admin.wazimo.com/utils/articleEditorExternal/instructions/,1,0,0,1,100,1,0,1,1,100
adwords.corp.google.com/aw/landingpages,1,0,0,1,100,1,0,1,1,100
ahrefs.com/site-explorer/referring/v2/domains/subdomains/live/all/all/27/first_seen_desc,1,0,0,1,100,1,0,1,1,100
ahrefs.com/site-explorer/referring/v2/domains/subdomains/live/dofollow/all/2/backlinks_asc,1,0,0,1,100,1,0,1,1,100
Alumni Dec 2019,3,573,191,1,33.33333333333333,7,143.25,2.3333333333333335,3,42.857142857142854
Alumni jobseekers July 2020,4,0,0,4,100,4,0,1,4,100
Alumni newsletter,12,1497,124.75,9,75,20,187.125,1.6666666666666667,12,60
ameliahome.xyz/blog/6288149/profile/,1,0,0,1,100,1,0,1,1,100
analytics.google.com/analytics/app/,38,40816,1074.1052631578948,5,13.157894736842104,296,158.23643410852713,7.7894736842105265,38,12.837837837837837
andrewancheta.com/blog/6288149/profile/,1,0,0,1,100,1,0,1,1,100
app.asana.com/0/1169618554821122/1174569611087655,2,135,67.5,1,50,4,67.5,2,2,50
app.buzzstream.com/project/project/303588/phase/Opportunities/view/websites/wicket:pageMapName/wicket-1,2,2,1,1,50,3,2,1.5,2,66.66666666666666
app.hopin.to/events/the-recovery-roadmap/sessions/76caee6a-0bb1-4fd4-b520-8801ffb4ed30,1,0,0,1,100,1,0,1,1,100
app.hopin.to/events/the-recovery-roadmap/sessions/b94922e7-d8fc-4d38-a04f-edaaaa6611f3,1,243,243,0,0,2,243,2,1,50
aws-crm.my.salesforce.com/,1,0,0,1,100,1,0,1,1,100
baidu,5,0,0,5,100,5,0,1,5,100
baidu.com/,48,0,0,48,100,48,0,1,48,100
bgateway.com/your-sector/information-communication-services/additional-support,2,77,38.5,1,50,8,12.666666666666666,4,2,25
bing,560,112204,200.36428571428573,209,37.32142857142857,1992,78.36103351955308,3.557142857142857,560,28.11244979919679
blog.hackajob.co/recruiting-talent-top-meet-ups-for-hiring-managers/,1,0,0,1,100,1,0,1,1,100
blogs.gov.scot/,1,57,57,0,0,2,57,2,1,50
bootcampindex.com/category-uk/id-code-clan-professional-software-development,1,75,75,0,0,2,75,2,1,50
bootcampindex.com/id-code-clan-professional-software-development,8,1627,203.375,7,87.5,14,271.1666666666667,1.75,8,57.14285714285714
bootcampindex.com/id-professional-software-development-code-clan,2,111,55.5,0,0,4,55.5,2,2,50
Business Insider,1,0,0,1,100,1,0,1,1,100
businessevents.visitscotland.com/,1,0,0,1,100,1,0,1,1,100
businessevents.visitscotland.com/key-sectors/technology/,4,98,24.5,3,75,6,49,1.5,4,66.66666666666666
cando.scot/places/united-kingdom/glasgow-city/glasgow/programmes-courses/codeclan/,1,11,11,0,0,2,11,2,1,50
career5.successfactors.eu/,1,120,120,0,0,3,60,3,1,33.33333333333333
careerkarma,5,1473,294.6,0,0,28,64.04347826086956,5.6,5,17.857142857142858
casltd.com/news-post/closing-the-digital-skills-gap-in-scotland,1,299,299,0,0,9,37.25,9,1,11.11111111111111
cathcartassociates.com/blog/meet-tahnee-winner-of-cathcart-associates-%C2%A35000-codeclan-sponsorship,2,0,0,2,100,2,0,1,2,100
causewayexchange.net/news/general/Linda%20Scott%20joins%20Causeway,1,75,75,0,0,2,75,2,1,50
cdcs.ed.ac.uk/,1,0,0,1,100,1,0,1,1,100
cdcs.ed.ac.uk/training,6,1893,315.5,2,33.33333333333333,17,172.0909090909091,2.8333333333333335,6,35.294117647058826
changerecruitmentgroup.com/,1,0,0,1,100,1,0,1,1,100
changerecruitmentgroup.com/knowledge-centre/a-look-at-edinburgh-s-it-industry,3,442,147.33333333333334,1,33.33333333333333,6,147,2,3,50
chorus.terakeet.com/backlinks,1,1286,1286,0,0,2,1286,2,1,50
chorus.terakeet.com/outreach/index,1,160,160,0,0,4,53.333333333333336,4,1,25
chorus.terakeet.com/sift,2,46,23,0,0,5,15.333333333333334,2.5,2,40
cn.bing.com/,3,241,80.33333333333333,2,66.66666666666666,5,120.5,1.6666666666666667,3,60
codebar.io/dashboard,1,0,0,1,100,1,0,1,1,100
codebar.io/edinburgh,1,45,45,0,0,2,45,2,1,50
codeburst.io/advice-when-starting-your-first-developer-job-ce890449493a,6,0,0,6,100,6,0,1,6,100
CodeClan Employer Partners 2018,273,234307,858.2673992673992,69,25.274725274725274,2036,132.89846851956892,7.457875457875458,273,13.408644400785855
CodeClan Staff newsletter,105,22620,215.42857142857142,35,33.33333333333333,315,107.73809523809524,3,105,33.33333333333333
codeclan-shop.web.app/about,1,0,0,1,100,1,0,1,1,100
codeclan.com/,3,460,153.33333333333334,1,33.33333333333333,8,92.2,2.6666666666666665,3,37.5
codeclan.com/funding,1,203,203,0,0,4,68,4,1,25
codecoaching.ninja/courses/python-evening-course,8,800,100,3,37.5,30,36.36363636363637,3.75,8,26.666666666666668
composer.gutools.co.uk/content/5df0d9f08f08f521712b4107,1,0,0,1,100,1,0,1,1,100
core-asset.co.uk/resource/scotland-s-fintech-sector,1,345,345,0,0,7,57.5,7,1,14.285714285714285
coursereport,25,2166,86.64,7,28.000000000000004,79,40.074074074074076,3.16,25,31.645569620253166
coursereport.com/schools/codeclan,5,52,10.4,3,60,8,17.666666666666668,1.6,5,62.5
crm.zoho.com/,1,11,11,0,0,2,11,2,1,50
Data Analysis,1,83,83,0,0,4,27.333333333333332,4,1,25
datafest.global/data-summit,4,117,29.25,2,50,6,58.5,1.5,4,66.66666666666666
dataforchildrencollaborative.com/news-from-the-unicef-data-for-children-collaborative/women-in-data-science-turing-testers-finale,1,0,0,1,100,1,0,1,1,100
DbefDyba Fzcyblfe Cbegafef 5341,8,30,3.75,3,37.5,22,2.142857142857143,2.75,8,36.36363636363637
dcc-notes-001.dundeecity.gov.uk/mail/CityDev/diane.milne.nsf/iNotes/Mail/,1,0,0,1,100,1,0,1,1,100
debi.codes/,7,845,120.71428571428571,4,57.14285714285714,13,140.66666666666666,1.8571428571428572,7,53.84615384615385
deryie.com/view/6288149/profile/,1,0,0,1,100,1,0,1,1,100
dev.to/,18,2017,112.05555555555556,9,50,37,106.21052631578948,2.0555555555555554,18,48.64864864864865
dev.to/pandaquests/which-certificate-is-most-useful-for-a-software-developer-full-stack-ggj,23,1029,44.73913043478261,13,56.52173913043478,44,49.04761904761905,1.9130434782608696,23,52.27272727272727
devazul.co.uk/,1,0,0,1,100,1,0,1,1,100
digit.fyi/cathcart-codeclan-scholarship/,2,280,140,0,0,8,46.5,4,2,25
digitalworld.net/,4,580,145,1,25,16,48.333333333333336,4,4,25
digitalworld.net/careers/digital-start-fund,38,7524,198,12,31.57894736842105,142,72.32692307692308,3.736842105263158,38,26.76056338028169
digitalworld.net/gaming,3,0,0,3,100,3,0,1,3,100
digitalworld.net/index.php/study/digital-start-fund,1,1635,1635,0,0,6,327,6,1,16.666666666666664
digitalworld.net/study,5,1170,234,1,20,17,97.5,3.4,5,29.411764705882355
digitalworld.net/study/digital-start-fund,36,14928,414.6666666666667,8,22.22222222222222,135,150.77777777777777,3.75,36,26.666666666666668
digitalworld.net/study/events,2,593,296.5,0,0,7,118.2,3.5,2,28.57142857142857
duckduckgo,164,44512,271.4146341463415,45,27.439024390243905,688,84.94465648854961,4.195121951219512,164,23.837209302325583
ecosia.org,105,26167,249.2095238095238,38,36.19047619047619,411,85.51960784313725,3.914285714285714,105,25.547445255474454
ed.ac.uk/profile/paula-taylor,1,0,0,1,100,1,0,1,1,100
ed.unidesk.ac.uk/tas/secure/mango/window/0,2,1922,961,0,0,7,384.4,3.5,2,28.57142857142857
education.github.com/,9,31,3.4444444444444446,8,88.88888888888889,13,7.5,1.4444444444444444,9,69.23076923076923
eie-invest.com/2020sponsors-partners/,4,38,9.5,2,50,8,9.5,2,4,50
elan.maillist-manage.eu/,21,4240,201.9047619047619,13,61.904761904761905,44,184.30434782608697,2.0952380952380953,21,47.72727272727273
elan.maillist-manage.eu/ua/Optin,71,35906,505.71830985915494,35,49.29577464788733,325,141.36614173228347,4.577464788732394,71,21.846153846153847
email.bt.com/mail/index-rui.jsp,5,2274,454.8,1,20,17,189.41666666666666,3.4,5,29.411764705882355
Employer Pledge,1,1766,1766,0,0,4,588.3333333333334,4,1,25
error.talktalk.co.uk/main,1,0,0,1,100,1,0,1,1,100
eventbrite.co.uk/,3,0,0,3,100,3,0,1,3,100
eventbrite.co.uk/attendees-email,6,2438,406.3333333333333,1,16.666666666666664,17,221.63636363636363,2.8333333333333335,6,35.294117647058826
facebook.com/,423,21832,51.61229314420804,346,81.7966903073286,662,90.97083333333333,1.5650118203309693,422,63.74622356495468
findbusinesssupport.gov.scot/,1,2939,2939,0,0,13,244.91666666666666,13,1,7.6923076923076925
fintechscotland.com/,4,112,28,2,50,6,56,1.5,4,66.66666666666666
fintechscotland.com/ecosystem/skills-and-talents/,12,1453,121.08333333333333,3,25,42,48.46666666666667,3.5,12,28.57142857142857
fintechscotland.com/upskill-in-the-new-year-with-codeclans-short-courses/,1,8,8,0,0,2,8,2,1,50
firefishsoftware.com/news/codeclan-meet-the-cod-clan,1,190,190,0,0,3,94.5,3,1,33.33333333333333
forms.zoho.eu/codeclan/form/DataAnalysisModularCourseBusiness,1,0,0,1,100,1,0,1,1,100
forms.zoho.eu/codeclan/form/DataAnalysisModuleCourse,1,485,485,0,0,2,485,2,1,50
forms.zoho.eu/codeclan/form/HTMLandCSS,1,0,0,1,100,1,0,1,1,100
forms.zoho.eu/codeclan/form/JavaScriptregisteryourinterest,1,0,0,1,100,1,0,1,1,100
forms.zoho.eu/codeclan/form/JavaScriptRegistrationForm,1,0,0,1,100,1,0,1,1,100
forms.zoho.eu/codeclan/form/JavaScriptSummercourseworkingtitle,2,1612,806,0,0,4,806,2,2,50
forms.zoho.eu/codeclan/form/ManagingGrowthwithAgile,2,0,0,2,100,2,0,1,2,100
forms.zoho.eu/codeclan/form/PythonforDataAnalysis2,1,654,654,0,0,2,654,2,1,50
forms.zoho.eu/codeclan/form/PythonforDataAnalysisRegistration,2,842,421,0,0,6,210.5,3,2,33.33333333333333
forms.zoho.eu/codeclan/form/Pythonfundamentals,1,0,0,1,100,1,0,1,1,100
forms.zoho.eu/codeclan/form/ShortCourseTestformforpayment,1,3479,3479,0,0,18,204.64705882352942,18,1,5.555555555555555
forms.zoho.eu/codeclan/form/UnderstandHowSoftwareApplicationsWork,1,0,0,1,100,1,0,1,1,100
forms.zoho.eu/codeclan/form/UXDesignFundamentalsv2,4,2325,581.25,1,25,19,154.93333333333334,4.75,4,21.052631578947366
forms.zoho.eu/codeclan/form/UXFundamentalsregisteryourinterest,4,1735,433.75,2,50,18,123.92857142857143,4.5,4,22.22222222222222
forms.zohopublic.eu/,47,11286,240.12765957446808,18,38.297872340425535,155,104.54629629629629,3.297872340425532,47,30.32258064516129
forms.zohopublic.eu/codeclan/form/BecomeanIndustryPartner/formperma/auhpC1Zd6w6mb3Umg5w691fmFPERtdL1ke5lLiCKafA,20,1825,91.25,12,60,42,82.9090909090909,2.1,20,47.61904761904761
forms.zohopublic.eu/codeclan/form/Bespokecourses/formperma/4ujiir_Y3SFUNnTLg-v_qFvQEOczykqG0CoOABQvzwM,21,3859,183.76190476190476,6,28.57142857142857,59,101.65789473684211,2.8095238095238093,21,35.59322033898305
forms.zohopublic.eu/codeclan/form/DataAnalysisCourse/formperma/7tKfqUsFhRIb-klBVfbl4FK0ywZrOzDeZFQqYN_khxo,94,20883,222.1595744680851,53,56.38297872340425,179,245.68235294117648,1.9042553191489362,94,52.513966480446925
forms.zohopublic.eu/codeclan/form/DataAnalysisModularCourseBusiness/formperma/C4-alVNPk_omvOVRDyVyFkDDNtyTQ8VMKNDlHumAlAc,3,5623,1874.3333333333333,1,33.33333333333333,19,351.375,6.333333333333333,3,15.789473684210526
forms.zohopublic.eu/codeclan/form/DataAnalysisModuleCourse/formperma/PcEdJoOaCFNkM7wP7pdNmVQyBDtekhOapogWyhCc9Cs,1,0,0,1,100,1,0,1,1,100
forms.zohopublic.eu/codeclan/form/FullStackWebDevelopment/formperma/oTqYhOp6SPU66qFtt5AhI9t_SDCRtf6YA15Th9CYOuY,13,1395,107.3076923076923,6,46.15384615384615,30,82,2.3076923076923075,13,43.333333333333336
forms.zohopublic.eu/codeclan/form/IntroductiontoHTMLCSS/formperma/kYlhjHC3ovNFazEivu3HOTWe6qlsL-mXC_iXig3sWMk,11,256,23.272727272727273,9,81.81818181818183,22,23.272727272727273,2,11,50
forms.zohopublic.eu/codeclan/form/JavaScriptRegistrationForm/formperma/OecsHCPlW5ohV3Jwvwyd8o0XdJFGf0ibLRnwShTFtjM,27,12729,471.44444444444446,11,40.74074074074074,111,151.58333333333334,4.111111111111111,27,24.324324324324326
forms.zohopublic.eu/codeclan/form/LearnRforDataAnalysis/formperma/C-Aupn3dOZi0DSBAut2KKW6HJ5LiFgHmLaHZ-ciS14Y,2,0,0,2,100,2,0,1,2,100
forms.zohopublic.eu/codeclan/form/LearnRforDataAnalysisRegistration/formperma/JpoazMbwt2iB2Nay0KtfpO5fLsDBe7K_pjnGeSAnmB8,1,2,2,0,0,2,2,2,1,50
forms.zohopublic.eu/codeclan/form/LearnSQLforDataAnalysisRegistration/formperma/ELBnpDEDs8WkZmfbDQ8uBWMwvUkKkRykgSTPRze9hfQ,1,0,0,1,100,1,0,1,1,100
forms.zohopublic.eu/codeclan/form/ManagingGrowthwithAgile/formperma/7KevJYQ4ffVRBXSy9rM2xowBqPKPTJaY0_UrcPvtpx8,10,1441,144.1,3,30,18,180.125,1.8,10,55.55555555555556
forms.zohopublic.eu/codeclan/form/MultipleSubmissionsTestform/formperma/dVGICaeXOT53ht5EQb8yIAvFy88LsM7rhbCy3SsrJqE,51,14858,291.3333333333333,21,41.17647058823529,109,256.1896551724138,2.1372549019607843,51,46.788990825688074
forms.zohopublic.eu/codeclan/form/ProfessionalSoftwareDevelopmentcourse/formperma/YQR5YuzRB8ROJrjctYuwRCX9yzeUQF7uZtNJb4rrwDo,294,51098,173.80272108843536,165,56.12244897959183,669,136.28,2.2755102040816326,294,43.946188340807176
forms.zohopublic.eu/codeclan/form/ProfessionalSoftwareDevelopmentCourseEdAid/formperma/AHiWvRa_P_86uEozbT2TqSvaNdogfhFR095xqWK3fhg,3,0,0,3,100,3,0,1,3,100
forms.zohopublic.eu/codeclan/form/PythonforDataAnalysis/formperma/NY3JqAbuiKgsjp42hhOTN90WbMUgWVJZ9yWsHDQdm1U,48,39755,828.2291666666666,16,33.33333333333333,302,156.49212598425197,6.291666666666667,48,15.894039735099339
forms.zohopublic.eu/codeclan/form/PythonforDataAnalysis2/formperma/zlGExJAA5DLn2Z3lfmKfpFR4F9WYYNaZUXaKU0lRdA8,13,2586,198.92307692307693,6,46.15384615384615,28,172.4,2.1538461538461537,13,46.42857142857143
forms.zohopublic.eu/codeclan/form/PythonforDataAnalysisRegistration/formperma/vX1OutmD7SBe5ZmWAbDh44xlHP3bW842bKi0YZdk1iI,10,3056,305.6,4,40,17,436.57142857142856,1.7,10,58.82352941176471
forms.zohopublic.eu/codeclan/form/PythonforDevelopers1/formperma/FYp6L8LIZv2Sht-WA3CSLTJyFUftih-SBCl-EyES-v0,2,20,10,1,50,4,9.5,2,2,50
forms.zohopublic.eu/codeclan/form/RforDataAnalysis/formperma/r2yYg1y9KlpcAKR3Ng9rZzgzbL9VusEJRCaMZ6PujFE,4,14,3.5,3,75,6,7.5,1.5,4,66.66666666666666
forms.zohopublic.eu/codeclan/form/SQLforDataAnalysis/formperma/k95d9zYZEXBS6GxwN469NuKWYi3deL178gsqnZv4o0A,1,457,457,0,0,9,57,9,1,11.11111111111111
forms.zohopublic.eu/codeclan/form/SQLforDataAnalysis2/formperma/vu8JDpCU7saJZljb_q2B8wAJieGfcsS74xUTxrCeSjw,4,71,17.75,3,75,7,23.666666666666668,1.75,4,57.14285714285714
forms.zohopublic.eu/codeclan/form/Test/formperma/SB1tJO0d4ciLcmlvfgLmczPm2bk9p5zZs7EmCUbExKY,16,354,22.125,10,62.5,22,59,1.375,16,72.72727272727273
forms.zohopublic.eu/codeclan/form/UnderstandHowSoftwareApplicationsWork/formperma/MUKEc-d7n0K_wdchg2TKS2IYFKjMJtUzOh8Gj3SsRpQ,5,102,20.4,3,60,12,14.428571428571429,2.4,5,41.66666666666667
forms.zohopublic.eu/codeclan/form/UnderstandingSoftwareDevelopmentv2/formperma/szDVhk8YE3X_cxeYnfeySleSN-Bg9JTJVEp4qg_GVSg,5,416,83.2,3,60,9,104,1.8,5,55.55555555555556
forms.zohopublic.eu/codeclan/form/UXDesignFundamentals2/formperma/eWoDNHLVsD8RbgziCMU1tn20PV42q5tazlHfsCu4tBs,11,98,8.909090909090908,8,72.72727272727273,16,19.6,1.4545454545454546,11,68.75
frankgroup.lightning.force.com/,1,4,4,0,0,2,4,2,1,50
futurepositivestudio.com/,1,0,0,1,100,1,0,1,1,100
FutureScot Events,1,250,250,0,0,7,41.666666666666664,7,1,14.285714285714285
futurescot.com/codeclan-have-responded-quickly-in-response-to-covid-19-and-adapting-their-campuses-to-virtual-interactive-classrooms/,2,66,33,1,50,5,22,2.5,2,40
github.com/,7,822,117.42857142857143,6,85.71428571428571,8,822,1.1428571428571428,7,87.5
github.com/921kiyo/blackjack-android,3,0,0,3,100,3,0,1,3,100
github.com/AlHood77/AlHood77/blob/master/README.md,2,0,0,2,100,2,0,1,2,100
github.com/AlHood77/AlHood77/edit/master/README.md,1,0,0,1,100,1,0,1,1,100
github.com/chrishaining/PythonFlaskToDoList2/tree/feature/sql,1,0,0,1,100,1,0,1,1,100
github.com/cifarquhar/cifarquhar/blob/master/README.md,1,0,0,1,100,1,0,1,1,100
github.com/codeclan/codeclan-notes-starter,2,0,0,2,100,2,0,1,2,100
glasgowlive.co.uk/news/glasgow-news/meet-glaswegians-coding-way-life-14813483,4,2712,678,0,0,30,104.42307692307692,7.5,4,13.333333333333334
glassdoor.co.uk/,1,0,0,1,100,1,0,1,1,100
"glassdoor.co.uk/Job/scotland-data-jobs-SRCH_IL.0,8_IS7289_KE9,13.htm",1,1428,1428,0,0,8,204,8,1,12.5
google,24864,3740637,150.44389478764478,12470,50.152831402831396,69183,84.37094772937488,2.782456563706564,24856,35.92790136305162
google.com/m,3,1236,412,1,33.33333333333333,6,412,2,3,50
google.com/url,27,1512,56,18,66.66666666666666,94,22.567164179104477,3.4814814814814814,27,28.723404255319153
gov.scot/,1,21,21,0,0,2,21,2,1,50
gov.scot/policies/digital/digital-support-for-businesses/,5,337,67.4,3,60,7,168.5,1.4,5,71.42857142857143
gstatic.com/,44,3638,82.68181818181819,29,65.9090909090909,67,158.2608695652174,1.5227272727272727,44,65.67164179104478
gstatic.com/atari/embeds/913211048dfa67f4be7864f4505a4b63/intermediate-frame-minified.html,285,38284,134.3298245614035,144,50.526315789473685,608,118.50154798761609,2.1333333333333333,285,46.875
hatwell.github.io/,6,111,18.5,4,66.66666666666666,13,15.571428571428571,2.1666666666666665,6,46.15384615384615
hatwell.github.io/about/,1,0,0,1,100,1,0,1,1,100
hie.co.uk/,15,1464,97.6,11,73.33333333333333,21,244,1.4,15,71.42857142857143
hie.co.uk/codeclan,30,16913,563.7666666666667,16,53.333333333333336,170,120.85,5.666666666666667,30,17.647058823529413
hie.co.uk/CodeClan,97,7642,78.78350515463917,64,65.97938144329896,202,72.77142857142857,2.082474226804124,97,48.01980198019802
hie.co.uk/codeclan/,2,26,13,1,50,4,12.5,2,2,50
hie.co.uk/support/browse-all-support-services/codeclan-highlands/,7,399,57,4,57.14285714285714,13,66.5,1.8571428571428572,7,53.84615384615385
hie.co.uk/support/browse-all-support-services/codeclan/,29,4622,159.3793103448276,16,55.172413793103445,54,177.76923076923077,1.8620689655172413,28,51.85185185185185
hienterprise.sharepoint.com/My%20toolkit/Account%20management/SitePages/Code-Clan-Highlands-Academy.aspx,1,6,6,0,0,2,6,2,1,50
hive.intranet.group/external-link.jspa,2,1451,725.5,1,50,4,726,2,2,50
holamundopodcast.com/blog/es-un-coding-bootcamp-la-mejor-opcion-para-convertirme-en-programador/,17,4850,285.29411764705884,6,35.294117647058826,40,210.7391304347826,2.3529411764705883,17,42.5
hootsuite.com/dashboard,19,15535,817.6315789473684,3,15.789473684210526,72,293.1132075471698,3.789473684210526,19,26.38888888888889
hub.ed.ac.uk/students/questions/detail/672664,1,70,70,0,0,7,11.5,7,1,14.285714285714285
iceflo.com/partners,1,0,0,1,100,1,0,1,1,100
idmacleod.github.io/,4,303,75.75,3,75,5,303,1.25,4,80
idmacleod.github.io/index.html,5,0,0,5,100,5,0,1,5,100
indeed.co.uk/,2,29,14.5,1,50,4,14.5,2,2,50
indeed.co.uk/jobs,1,0,0,1,100,1,0,1,1,100
indeed.co.uk/viewjob,1,0,0,1,100,1,0,1,1,100
infotecarios.com/codigo-para-profesionales-de-la-informacion-primeros-pasos-en-el-desarrollo-de-software/,2,0,0,2,100,2,0,1,2,100
inoapps.com/about/our-partners,1,0,0,1,100,1,0,1,1,100
insider.co.uk/appointments/codeclan-unveils-female-leadership-new-21645969,7,93,13.285714285714286,5,71.42857142857143,12,18.8,1.7142857142857142,7,58.333333333333336
instagram.com/,10,394,39.4,5,50,20,39.4,2,10,50
intranet.sruc.ac.uk/engage/Guestblog/default.aspx,1,0,0,1,100,1,0,1,1,100
intranet.sruc.ac.uk/engage/Guestblog/Lists/Posts/Post.aspx,2,0,0,2,100,2,0,1,2,100
investinedinburgh.com/key-sectors/technology-software/,4,384,96,0,0,12,47.875,3,4,33.33333333333333
it.search.yahoo.com/,2,134,67,1,50,6,33.5,3,2,33.33333333333333
izito.com.au/,1,0,0,1,100,1,0,1,1,100
izito.ng/,1,0,0,1,100,1,0,1,1,100
izito.ng/c,1,93,93,0,0,2,93,2,1,50
Jfcfvgf Fhcfdevcfef,1,0,0,1,100,1,0,1,1,100
jpmchase.com/,1,0,0,1,100,1,0,1,1,100
keep.google.com/,2,673,336.5,1,50,8,112,4,2,25
khub.net/group/vlwwutjyel,2,320,160,1,50,10,40.25,5,2,20
knoma.io/,1,604,604,0,0,6,120.8,6,1,16.666666666666664
knoma.io/marketplace/course/CQ4J000000TPymWAG,2,0,0,2,100,2,0,1,2,100
knoma.io/marketplace/course/CQ4J000000TPywWAG,1,829,829,0,0,4,276.3333333333333,4,1,25
knoma.io/marketplace/course/CQ4J000000TPz1WAG,2,125,62.5,1,50,7,24.8,3.5,2,28.57142857142857
knoma.io/marketplace/course/CQ4J000000TPzBWAW,1,0,0,1,100,1,0,1,1,100
knoma.io/partners,32,4468,139.625,17,53.125,68,124.11111111111111,2.125,32,47.05882352941176
knoma.lightning.force.com/,2,58,29,1,50,6,14.5,3,2,33.33333333333333
knowledgepool.lightning.force.com/,5,0,0,5,100,5,0,1,5,100
l.facebook.com/,312,50664,162.3846153846154,173,55.44871794871795,767,111.36263736263736,2.4583333333333335,312,40.67796610169492
l.facebook.com/l.php,23,764,33.21739130434783,4,17.391304347826086,52,26.344827586206897,2.260869565217391,23,44.230769230769226
l.instagram.com/,147,17233,117.2312925170068,62,42.17687074829932,429,61.0886524822695,2.9183673469387754,147,34.26573426573427
l.messenger.com/,4,560,140,0,0,16,46.666666666666664,4,4,25
learn1.open.ac.uk/mod/forumng/discuss.php,1,0,0,1,100,1,0,1,1,100
leidos.com/insights/code-success,1,0,0,1,100,1,0,1,1,100
linkedin.com/,840,22399,26.66547619047619,685,81.54761904761905,1147,72.97068403908794,1.3654761904761905,840,73.23452484742808
linkedin.com/comm/messaging/thread/6691661098833240064/,1,690,690,0,0,2,690,2,1,50
linkedin.com/company/399487/admin/,1,0,0,1,100,1,0,1,1,100
linkedin.com/company/5684631/admin/,1,0,0,1,100,1,0,1,1,100
linkedin.com/company/codeclan-limited/about/,1,0,0,1,100,1,0,1,1,100
linkedin.com/company/data-driven-innovation-initiative/,1,0,0,1,100,1,0,1,1,100
linkedin.com/feed/,445,36179,81.30112359550562,266,59.7752808988764,909,77.65236051502146,2.042696629213483,443,48.734873487348736
linkedin.com/feed/hashtag/python/,1,0,0,1,100,1,0,1,1,100
"linkedin.com/feed/sponsored-update/urn:li:sponsoredContentV2:(urn:li:share:6691705280767504384,urn:li:sponsoredCreative:107908753)/",4,1356,339,1,25,13,151,3.25,4,30.76923076923077
linkedin.com/feed/update/activity:6646341326877143041,1,0,0,1,100,1,0,1,1,100
linkedin.com/feed/update/activity:6656906695324778496,1,0,0,1,100,1,0,1,1,100
linkedin.com/feed/update/activity:6657543469126553600,1,0,0,1,100,1,0,1,1,100
linkedin.com/feed/update/activity:6679784781816852480,1,1169,1169,0,0,2,1169,2,1,50
linkedin.com/feed/update/activity:6687621083014680576,1,0,0,1,100,1,0,1,1,100
linkedin.com/feed/update/urn:li:activity:6559436893358956544/,1,336,336,0,0,7,56,7,1,14.285714285714285
linkedin.com/feed/update/urn:li:activity:6560239839990607872/,5,2712,542.4,1,20,19,193.57142857142858,3.8,5,26.31578947368421
linkedin.com/feed/update/urn:li:activity:6646065153186021376,1,0,0,1,100,1,0,1,1,100
linkedin.com/feed/update/urn:li:activity:6646065153186021376/,1,167,167,0,0,2,167,2,1,50
linkedin.com/feed/update/urn:li:activity:6646090003002859520/,1,0,0,1,100,1,0,1,1,100
linkedin.com/feed/update/urn:li:activity:6648559793730658304,1,471,471,0,0,2,471,2,1,50
linkedin.com/feed/update/urn:li:activity:6650733394428784640/,1,108,108,0,0,3,54,3,1,33.33333333333333
linkedin.com/feed/update/urn:li:activity:6675760190899417088/,1,0,0,1,100,1,0,1,1,100
linkedin.com/feed/update/urn:li:activity:6678298203240046592/,1,0,0,1,100,1,0,1,1,100
linkedin.com/feed/update/urn:li:activity:6679363736442048512/,1,69,69,0,0,2,69,2,1,50
linkedin.com/feed/update/urn:li:activity:6679679126682521600,3,115,38.333333333333336,1,33.33333333333333,6,38.333333333333336,2,3,50
linkedin.com/feed/update/urn:li:activity:6681171433328058369/,3,0,0,3,100,3,0,1,3,100
linkedin.com/feed/update/urn:li:activity:6681183217573208064/,2,67,33.5,0,0,4,33.5,2,2,50
linkedin.com/feed/update/urn:li:activity:6681186856979320833/,15,3374,224.93333333333334,5,33.33333333333333,39,140.66666666666666,2.6,15,38.46153846153847
linkedin.com/feed/update/urn:li:activity:6681853447991627776,1,28,28,0,0,2,28,2,1,50
linkedin.com/feed/update/urn:li:activity:6684026564428075008/,4,0,0,4,100,4,0,1,4,100
linkedin.com/feed/update/urn:li:activity:6684763912077905921/,1,0,0,1,100,1,0,1,1,100
linkedin.com/feed/update/urn:li:activity:6686202598665531393/,1,0,0,1,100,1,0,1,1,100
linkedin.com/feed/update/urn:li:activity:6686270976960811008/,1,0,0,1,100,1,0,1,1,100
linkedin.com/feed/update/urn:li:activity:6689183738909208576/,1,60,60,0,0,4,20,4,1,25
linkedin.com/feed/update/urn%3Ali%3Aactivity%3A6648661442390183936/,1,0,0,1,100,1,0,1,1,100
linkedin.com/feed/update/urn%3Ali%3Aactivity%3A6674587862031192064/,1,1039,1039,0,0,4,346.6666666666667,4,1,25
linkedin.com/in/david-strain-790108/,1,212,212,0,0,5,53.25,5,1,20
linkedin.com/in/edwardkinley/detail/treasury/position:1344804344/,1,163,163,0,0,2,163,2,1,50
linkedin.com/in/lorrainerew/detail/contact-info/,2,28,14,0,0,6,7.25,3,2,33.33333333333333
linkedin.com/in/stephanieboyle9/detail/recent-activity/,1,0,0,1,100,1,0,1,1,100
linkedin.com/messaging/thread/6623826412249853952/,1,0,0,1,100,1,0,1,1,100
linkedin.com/messaging/thread/6625246032139825152/,1,0,0,1,100,1,0,1,1,100
linkedin.com/messaging/thread/6673145391166316544/,1,16,16,0,0,3,8,3,1,33.33333333333333
linkedin.com/messaging/thread/6677619029093429248/,1,0,0,1,100,1,0,1,1,100
linkedin.com/messaging/thread/6693460432457355264/,1,0,0,1,100,1,0,1,1,100
linkedin.com/mwlite/company/codeclan-limited,1,374,374,0,0,6,74.8,6,1,16.666666666666664
linkedin.com/mwlite/school/codeclan,8,431,53.875,7,87.5,9,431,1.125,8,88.88888888888889
linkedin.com/pulse/coding-begginers-manual-start-programming-languages-cleyra-uzcategui,1,196,196,0,0,3,98,3,1,33.33333333333333
linkedin.com/pulse/coding-begginers-manual-start-programming-languages-cleyra-uzcategui/,8,659,82.375,5,62.5,25,38.705882352941174,3.125,8,32
linkedin.com/pulse/i-finished-codeclan-am-employed-software-engineer-claire-connachan/,1,0,0,1,100,1,0,1,1,100
linkedin.com/pulse/ive-resigned-am-re-training-claire-connachan/,1,39,39,0,0,6,8,6,1,16.666666666666664
linkedin.com/pulse/so-can-old-man-learn-code-craig-mcgill,1,973,973,0,0,13,81,13,1,7.6923076923076925
linkedin.com/school/10049434/admin/,11,3276,297.8181818181818,5,45.45454545454545,29,181.88888888888889,2.6363636363636362,11,37.93103448275862
linkedin.com/school/codeclan/,22,8209,373.1363636363636,10,45.45454545454545,83,134.60655737704917,3.772727272727273,22,26.506024096385545
linkedin.com/search/results/all/,2,271,135.5,1,50,8,45,4,2,25
linkedin.com/search/results/content/,2,0,0,2,100,2,0,1,2,100
linkedin.com/showcase/18242943/admin/,2,72,36,0,0,6,18,3,2,33.33333333333333
lm.facebook.com/,308,26722,86.75974025974025,182,59.09090909090909,650,78.11111111111111,2.1103896103896105,308,47.38461538461539
lm.facebook.com/l.php,360,18152,50.422222222222224,210,58.333333333333336,646,63.45454545454545,1.7944444444444445,360,55.72755417956656
lnkd.in/,64,1887,29.484375,50,78.125,99,53.885714285714286,1.546875,64,64.64646464646465
localhost:3000/,2,37,18.5,1,50,3,37,1.5,2,66.66666666666666
localhost:5000/,1,0,0,1,100,1,0,1,1,100
localhost:8080/,2,0,0,2,100,2,0,1,2,100
localhost:8888//partners,1,443,443,0,0,3,221.5,3,1,33.33333333333333
localhost:8888/course-detail.php,3,0,0,3,100,3,0,1,3,100
m.facebook.com/,2203,141103,64.05038583749433,1471,66.77258284157966,4121,73.56517205422315,1.8706309577848388,2203,53.45789856830866
m.facebook.com/l.php,1,0,0,1,100,1,0,1,1,100
m.youtube.com/,1,0,0,1,100,1,0,1,1,100
mail.google.com/mail/mu/mp/255/,1,0,0,1,100,1,0,1,1,100
mail.google.com/mail/mu/mp/498/,1,264,264,0,0,5,66,5,1,20
mail.google.com/mail/mu/mp/58/,4,3007,751.75,1,25,41,81.1891891891892,10.25,4,9.75609756097561
mail.google.com/mail/mu/mp/755/,1,0,0,1,100,1,0,1,1,100
mail.google.com/mail/u/0/,77,15278,198.41558441558442,39,50.649350649350644,200,124.21951219512195,2.5974025974025974,77,38.5
mail.google.com/mail/u/1/,3,56,18.666666666666668,1,33.33333333333333,5,28,1.6666666666666667,3,60
mail.google.com/mail/u/2/,5,162,32.4,3,60,8,54,1.6,5,62.5
mail.scottishbooktrust.com/owa/,1,23,23,0,0,2,23,2,1,50
mail.yahoo.com/,4,1324,331,3,75,17,101.92307692307692,4.25,4,23.52941176470588
mail2.virginmedia.com/,1,195,195,0,0,3,97.5,3,1,33.33333333333333
maps.apple.com/place,1,75,75,0,0,3,37.5,3,1,33.33333333333333
marbello.net/blog/6288149/view/,1,0,0,1,100,1,0,1,1,100
mh.zoho.eu/marketinghub/CampaignsPreview.do,1,1085,1085,0,0,4,362,4,1,25
mh.zoho.eu/marketinghub/home.do,3,460,153.33333333333334,2,66.66666666666666,5,230,1.6666666666666667,3,60
moodle.napier.ac.uk/course/view.php,1,0,0,1,100,1,0,1,1,100
mumsnet.com/,8,51,6.375,7,87.5,14,8.333333333333334,1.75,8,57.14285714285714
mumsnet.com/Talk/am_i_being_unreasonable/3962864-To-feel-shit-scared-about-the-state-of-the-jobs-market,14,562,40.142857142857146,11,78.57142857142857,25,51.18181818181818,1.7857142857142858,14,56.00000000000001
mumsnet.com/Talk/geeky_stuff/3144517-Need-Coding-Advice,1,79,79,0,0,4,26,4,1,25
munrobagger.scot/,2,6,3,1,50,3,6,1.5,2,66.66666666666666
myworldofwork.co.uk/flying-start-your-digital-career,1,41,41,0,0,2,41,2,1,50
no.search.yahoo.com/,1,0,0,1,100,1,0,1,1,100
oceanhero.today/web,3,42,14,1,33.33333333333333,7,10.5,2.3333333333333335,3,42.857142857142854
opportunitynortheastlimited.createsend.com/campaigns/content/edit/48345BF92953062B2540EF23F30FEDED/s,2,0,0,2,100,2,0,1,2,100
outlookire.cclind.com/,1,95,95,0,0,2,95,2,1,50
paypal.com/,1,43,43,0,0,3,21,3,1,33.33333333333333
paypal.com/webapps/hermes,2,114,57,0,0,6,28.5,3,2,33.33333333333333
performancemanager5.successfactors.eu/acme,30,820,27.333333333333332,22,73.33333333333333,46,51.1875,1.5333333333333334,30,65.21739130434783
performancemanager5.successfactors.eu/sf/jobreq,3,149,49.666666666666664,2,66.66666666666666,4,149,1.3333333333333333,3,75
pinterest.co.uk/,1,0,0,1,100,1,0,1,1,100
portal.knoma.io/apex/KnomaRedirect,2,8,4,1,50,3,8,1.5,2,66.66666666666666
prespect.co.uk/post/mooc-not-mooch,2,0,0,2,100,2,0,1,2,100
qte-search.com/,1,534,534,0,0,7,88.83333333333333,7,1,14.285714285714285
quora.com/Can-a-beginner-learn-to-code-only-by-using-Khan-Academy,16,2376,148.5,11,68.75,23,339.42857142857144,1.4375,16,69.56521739130434
quora.com/What-does-the-term-full-stack-programmer-mean-What-are-the-defining-traits-of-a-full-stack-programmer,3,249,83,2,66.66666666666666,4,249,1.3333333333333333,3,75
quora.com/What-does-the-term-full-stack-programmer-mean-What-are-the-defining-traits-of-a-full-stack-programmer/answer/Josh-Begleiter-1,1,174,174,0,0,2,174,2,1,50
qwant.com,3,1676,558.6666666666666,0,0,20,98.6470588235294,6.666666666666667,3,15
readymag.com/u13269566/1349145/9/,12,1293,107.75,3,25,29,76.05882352941177,2.4166666666666665,12,41.37931034482759
reddit.com/,5,128,25.6,2,40,12,18.285714285714285,2.4,5,41.66666666666667
reddit.com/r/AskUK/comments/bzx6n3/comment/eqzx27r,2,89,44.5,0,0,5,29.666666666666668,2.5,2,40
reddit.com/r/unitedkingdom/comments/7ylbhz/31_of_graduates_have_not_made_a_single_payment_on/,2,0,0,2,100,2,0,1,2,100
reed.lightning.force.com/,1,2,2,0,0,2,2,2,1,50
rollout.io/blog/javascript-code-coverage/,1,0,0,1,100,1,0,1,1,100
rss.org.uk/membership/professional-development/professional-statistician-s-network/cpd/other-course-providers/,4,2200,550,1,25,22,122.16666666666667,5.5,4,18.181818181818183
rss.org.uk/RSS/pro_dev/cpd/Other_course_providers/RSS/pro_dev/Continued_Professional_Development/Other_course_providers_sub/Other_course_providers.aspx,2,0,0,2,100,2,0,1,2,100
rts.pitchbook.com/personView/load,1,0,0,1,100,1,0,1,1,100
s3.amazonaws.com/tgr-3ppd-ad-markup-prod/914-f324ff923ba8e9dd6478040000cfd96bc048085b,1,0,0,1,100,1,0,1,1,100
s3.amazonaws.com/tgr-3ppd-ad-markup-prod/925-ea5dc2b5c072c9f795b2228e4d3da8676526fe0a,1,0,0,1,100,1,0,1,1,100
scholar.google.co.uk/,1,24,24,0,0,2,24,2,1,50
scotlandis.com/,3,706,235.33333333333334,2,66.66666666666666,7,176.5,2.3333333333333335,3,42.857142857142854
scotlandis.com/blog/events/,1,0,0,1,100,1,0,1,1,100
scotlandis.com/blog/events/agile-software-dev-lifecycle-sdlc-for-managers/,1,0,0,1,100,1,0,1,1,100
scotlandis.com/blog/events/learn-javascript-this-summer/,6,301,50.166666666666664,3,50,10,75,1.6666666666666667,6,60
scotlandis.com/blog/events/learn-sql-for-data-analysis/,1,0,0,1,100,1,0,1,1,100
scotlandis.com/blog/events/learn-user-experience-ux-design-fundamentals/,3,0,0,3,100,3,0,1,3,100
scotlandis.com/blog/events/python-for-data-analysis/,6,0,0,6,100,6,0,1,6,100
scotlandis.com/blog/events/software-dev-lifecycle-sdlc-fundamentals%e2%80%8b/,4,228,57,2,50,9,45.6,2.25,4,44.44444444444444
scotlandis.com/blog/new-courses-to-put-tech-and-data-skills-on-your-cv-this-summer/,7,1034,147.71428571428572,2,28.57142857142857,30,44.95652173913044,4.285714285714286,7,23.333333333333332
scotlandis.com/event-directory/,3,0,0,3,100,3,0,1,3,100
scotlandis.com/scotlandisdata/directory/,1,60,60,0,0,3,29.5,3,1,33.33333333333333
scotsman.com/business/scholarship-launched-help-next-generation-scots-programmers-323723,1,0,0,1,100,1,0,1,1,100
scottish-enterprise.com/support-for-businesses/develop-products-and-services/data-driven-innovation,12,2616,218,6,50,30,145.44444444444446,2.5,12,40
scottishlivingwage.org/accredited/CodeClan_Ltd,1,0,0,1,100,1,0,1,1,100
sdi.co.uk/,1,396,396,0,0,7,66,7,1,14.285714285714285
sdi.co.uk/news-features/news-and-feature-articles/data-talent-and-skills-in-scotland,4,91,22.75,1,25,7,30.333333333333332,1.75,4,57.14285714285714
sdi.co.uk/news-features/news-and-feature-articles/why-scotlands-the-place-to-do-great-things-with-data,3,98,32.666666666666664,1,33.33333333333333,6,32.333333333333336,2,3,50
secureweb.jpmchase.net/readonly/https://codeclan.com/courses/python-for-developers/,1,0,0,1,100,1,0,1,1,100
secureweb.jpmchase.net/readonly/https://zoho.email-view.eu/ocgeturl/13ef.4aba358de,1,35,35,0,0,3,18,3,1,33.33333333333333
sheerluxe.com/2020/04/22/how-break-free-emotional-eating,1,43,43,0,0,5,10.75,5,1,20
sheerluxe.com/2020/04/29/why-now-time-learn-code,19,2213,116.47368421052632,12,63.1578947368421,35,138.3125,1.8421052631578947,19,54.285714285714285
Short course students,2,200,100,1,50,8,33.166666666666664,4,2,25
simplenews.co.uk/general/5-ways-to-start-a-tech-career/,2,676,338,0,0,9,96.42857142857143,4.5,2,22.22222222222222
singletrackworld.com/forum/topic/go-back-to-school-for-computerist/,6,1362,227,2,33.33333333333333,16,136.3,2.6666666666666665,6,37.5
sites.jpmchase.com/sites/companyhome/local_news/emea/glasgow/pages/the-codeclan-experience.aspx,1,0,0,1,100,1,0,1,1,100
sites.jpmchase.com/sites/companyhome/Local_News/EMEA/Glasgow/Pages/The-CodeClan-Experience.aspx,23,255,11.08695652173913,18,78.26086956521739,28,51,1.2173913043478262,23,82.14285714285714
skylarktemp.atwebpages.com/,1,109,109,0,0,6,21.6,6,1,16.666666666666664
sogou,2,0,0,2,100,2,0,1,2,100
sqa.org.uk/,2,177,88.5,0,0,10,22.125,5,2,20
sqaacademy.org.uk/,1,55,55,0,0,4,18,4,1,25
sqaacademy.org.uk/mod/url/view.php,4,539,134.75,2,50,15,48.90909090909091,3.75,4,26.666666666666668
startupawards.scot/,2,216,108,0,0,6,54,3,2,33.33333333333333
startupawards.scot/2019/winners,2,186,93,1,50,6,46.5,3,2,33.33333333333333
switchup.org/,3,17,5.666666666666667,0,0,6,5.666666666666667,2,3,50
t.co/,155,7181,46.329032258064515,105,67.74193548387096,267,64.11607142857143,1.7225806451612904,155,58.052434456928836
t.co/057sIgL0sI,1,0,0,1,100,1,0,1,1,100
t.co/0oQ5aT4qct,3,952,317.3333333333333,1,33.33333333333333,13,95.2,4.333333333333333,3,23.076923076923077
t.co/0Xl9FW9QGT,13,501,38.53846153846154,10,76.92307692307693,18,100.2,1.3846153846153846,13,72.22222222222221
t.co/2A5y70URBR,1,0,0,1,100,1,0,1,1,100
t.co/2jRwXZG06d,1,112,112,0,0,3,56,3,1,33.33333333333333
t.co/3fHn81j1q4,6,128,21.333333333333332,5,83.33333333333334,8,64.5,1.3333333333333333,6,75
t.co/3t3S9d8VCf,22,2614,118.81818181818181,13,59.09090909090909,63,63.75609756097561,2.8636363636363638,22,34.92063492063492
t.co/55L9rPNCEt,4,300,75,2,50,8,75,2,4,50
t.co/5vX30WOgls,13,32,2.4615384615384617,12,92.3076923076923,15,16,1.1538461538461537,13,86.66666666666667
t.co/7wj8E8om16,11,141,12.818181818181818,9,81.81818181818183,15,35.5,1.3636363636363635,11,73.33333333333333
t.co/8Fb58SEftO,1,0,0,1,100,1,0,1,1,100
t.co/8uDPt8dqCd,17,1564,92,13,76.47058823529412,25,195.5,1.4705882352941178,17,68
t.co/a82L0ZRMpL,1,0,0,1,100,1,0,1,1,100
t.co/AvYc0PhryL,19,201,10.578947368421053,17,89.47368421052632,25,33.333333333333336,1.3157894736842106,19,76
t.co/BiM17r2RXS,9,13752,1528,0,0,66,241.28070175438597,7.333333333333333,9,13.636363636363635
t.co/bKS9F1hOmH,1,0,0,1,100,1,0,1,1,100
t.co/bryqC4DD39,2,0,0,2,100,2,0,1,2,100
t.co/cT46pkkCBO,86,11477,133.45348837209303,25,29.069767441860467,298,54.155660377358494,3.4651162790697674,86,28.859060402684566
t.co/dwlAYQ4SzP,2,0,0,2,100,2,0,1,2,100
t.co/e1Xv4jinqU,9,229,25.444444444444443,6,66.66666666666666,15,38,1.6666666666666667,9,60
t.co/e4nkpyeL99,17,2245,132.05882352941177,9,52.94117647058824,30,172.69230769230768,1.7647058823529411,17,56.666666666666664
t.co/E98yvd2OD2,3,71,23.666666666666668,1,33.33333333333333,6,23.666666666666668,2,3,50
t.co/eD9wsEISUg,7,282,40.285714285714285,3,42.857142857142854,19,23.5,2.7142857142857144,7,36.84210526315789
t.co/eD9wsEri2I,12,2370,197.5,8,66.66666666666666,19,338.7142857142857,1.5833333333333333,12,63.1578947368421
t.co/ehsHQRN5ia,1,0,0,1,100,1,0,1,1,100
t.co/evvra8Z6gc,10,1780,178,9,90,11,1780,1.1,10,90.9090909090909
t.co/G3UsalJgfe,1,0,0,1,100,1,0,1,1,100
t.co/G7ERvzDFP6,1,14,14,0,0,2,14,2,1,50
t.co/H8mOje9ySk,2,132,66,0,0,7,26.2,3.5,2,28.57142857142857
t.co/hZ27O41S24,18,1657,92.05555555555556,14,77.77777777777779,27,184.11111111111111,1.5,18,66.66666666666666
t.co/ID6WL3fN7F,1,0,0,1,100,1,0,1,1,100
t.co/J93gwjXW9b,1,0,0,1,100,1,0,1,1,100
t.co/Jeh4z3opsP,1,0,0,1,100,1,0,1,1,100
t.co/JkY3lKNFms,6,0,0,6,100,6,0,1,6,100
t.co/Khsg9QBAzW,6,2422,403.6666666666667,1,16.666666666666664,27,115.28571428571429,4.5,6,22.22222222222222
t.co/kuK49gB7F4,2,0,0,2,100,2,0,1,2,100
t.co/kW09wW09O9,50,3919,78.38,39,78,96,85.17391304347827,1.92,50,52.083333333333336
t.co/kxlsXfqea4,1,125,125,0,0,3,63,3,1,33.33333333333333
t.co/l47PVAgJAS,1,0,0,1,100,1,0,1,1,100
t.co/LFth27cpyD,76,3199,42.0921052631579,63,82.89473684210526,142,48.54545454545455,1.868421052631579,76,53.52112676056338
t.co/lVNFxG5vEb,9,1254,139.33333333333334,4,44.44444444444444,27,69.72222222222223,3,9,33.33333333333333
t.co/Mblnt3yJ1U,1,0,0,1,100,1,0,1,1,100
t.co/MVj91N39MS,12,962,80.16666666666667,9,75,17,192.6,1.4166666666666667,12,70.58823529411765
t.co/o9hr35Z1ug,10,10672,1067.2,2,20,71,175,7.1,10,14.084507042253522
t.co/OJ65MY97dS,6,74,12.333333333333334,5,83.33333333333334,7,74,1.1666666666666667,6,85.71428571428571
t.co/p7Fwi683eg,1,0,0,1,100,1,0,1,1,100
t.co/PlTuMlzIK7,1,0,0,1,100,1,0,1,1,100
t.co/pZkU524GI0,1,0,0,1,100,1,0,1,1,100
t.co/q4dc51kWf3,15,0,0,15,100,15,0,1,15,100
t.co/quca8ElQKW,65,5615,86.38461538461539,36,55.38461538461539,115,112.3,1.7692307692307692,65,56.52173913043478
t.co/rAt7kxwZbW,9,5011,556.7777777777778,3,33.33333333333333,27,278.3888888888889,3,9,33.33333333333333
t.co/rhlcbKIIho,22,45,2.0454545454545454,20,90.9090909090909,25,15.333333333333334,1.1363636363636365,22,88
t.co/RhxEx3vLW5,2,26,13,1,50,4,13.5,2,2,50
t.co/SJOuIggo8T,3,39,13,1,33.33333333333333,7,9.75,2.3333333333333335,3,42.857142857142854
t.co/sLPxGHiodV,3,5,1.6666666666666667,2,66.66666666666666,4,5,1.3333333333333333,3,75
t.co/sLPxGHzZ5t,1,0,0,1,100,1,0,1,1,100
t.co/tWC5BO7pJ0,1,0,0,1,100,1,0,1,1,100
t.co/UH07QjTsYa,3,34,11.333333333333334,0,0,6,11.333333333333334,2,3,50
t.co/ULXienN6Nc,4,0,0,4,100,4,0,1,4,100
t.co/VUgaYIEKIp,10,413,41.3,7,70,18,51.625,1.8,10,55.55555555555556
t.co/wFn1pMJTeA,6,204,34,3,50,9,68,1.5,6,66.66666666666666
t.co/WQ9aZ7AZbE,15,4864,324.26666666666665,13,86.66666666666667,27,405.4166666666667,1.8,15,55.55555555555556
t.co/WZ49l3EzRY,1,0,0,1,100,1,0,1,1,100
t.co/wzEFRweyYz,1,0,0,1,100,1,0,1,1,100
t.co/x60eQQEQxk,28,639,22.821428571428573,23,82.14285714285714,34,106.5,1.2142857142857142,28,82.35294117647058
t.co/XY5IX13DrH,20,1128,56.4,17,85,25,225.4,1.25,20,80
t.co/Y8bZ0cvi5s,2,298,149,1,50,8,49.5,4,2,25
t.co/yAuxJyoIMn,13,4154,319.53846153846155,1,7.6923076923076925,34,197.8095238095238,2.6153846153846154,13,38.23529411764706
t.co/Z2IlslINqx,9,508,56.44444444444444,5,55.55555555555556,21,42.5,2.3333333333333335,9,42.857142857142854
t.co/Z55f77gazg,1,0,0,1,100,1,0,1,1,100
t.co/Znon1Vqygj,6,37,6.166666666666667,4,66.66666666666666,6,0,1,6,100
t.co/zNQFzglj1U,4,96,24,2,50,8,23.75,2,4,50
talentscotland.com/work/companies/c/codeclan,1,0,0,1,100,1,0,1,1,100
talentspark.scot/about-us/,2,0,0,2,100,2,0,1,2,100
technation.techcityuk.com/cluster/edinburgh/,11,8589,780.8181818181819,2,18.181818181818183,118,80.2803738317757,10.727272727272727,11,9.322033898305085
technation.techcityuk.com/cluster/glasgow/,3,369,123,1,33.33333333333333,12,41.111111111111114,4,3,25
technologyscotland.scot/,1,10,10,0,0,2,10,2,1,50
technologyscotland.scot/technology-scotland-members/,4,22,5.5,3,75,5,22,1.25,4,80
thelaneagency.com/news/tools-new-normal-12-04-2020,3,189,63,2,66.66666666666666,8,37.6,2.6666666666666665,3,37.5
thenextweb.com/dd/2017/12/05/coders-moving-edinburgh-nice-place-live-not-london/,2,170,85,1,50,10,21.125,5,2,20
thestudentroom.co.uk/,3,0,0,3,100,3,0,1,3,100
thestudentroom.co.uk/showthread.php,4,276,69,2,50,12,34.5,3,4,33.33333333333333
thisiscodebase.com/,25,1371,54.84,12,48,63,36.13157894736842,2.52,25,39.682539682539684
thisiscodebase.com/blog/2016/10/1/learning-to-code-why-and-how,11,2453,223,2,18.181818181818183,79,36.029411764705884,7.181818181818182,11,13.924050632911392
thisiscodebase.com/tenants/,6,1445,240.83333333333334,3,50,19,111.07692307692308,3.1666666666666665,6,31.57894736842105
trustpilot.lightning.force.com/,5,257,51.4,4,80,6,257,1.2,5,83.33333333333334
turingfest.com/2019/speakers/olly-headey,1,69,69,0,0,5,17,5,1,20
Twitter,7,0,0,7,100,7,0,1,7,100
twitter.com/CodeClanScot,1,24,24,0,0,3,12,3,1,33.33333333333333
uk.jooble.org/,6,578,96.33333333333333,3,50,19,44.46153846153846,3.1666666666666665,6,31.57894736842105
uk.search.yahoo.com/,43,12070,280.69767441860466,14,32.55813953488372,142,121.9090909090909,3.302325581395349,43,30.28169014084507
ukc-word-edit.officeapps.live.com/we/wordeditorframe.aspx,1,0,0,1,100,1,0,1,1,100
ukstartupjobs.com/career-advice/scotlands-tech-scene-leading-way/,1,23,23,0,0,4,7.666666666666667,4,1,25
uktech.news/news/top-tech-hubs-scotland-20170404,1,0,0,1,100,1,0,1,1,100
Understand How Software Applications Work,1,15,15,0,0,3,7.5,3,1,33.33333333333333
Unknown List,5,4198,839.6,0,0,18,323,3.6,5,27.77777777777778
us11.admin.mailchimp.com/campaigns/preview-content-html,86,93035,1081.8023255813953,23,26.744186046511626,755,139.0493273542601,8.779069767441861,86,11.390728476821192
us11.campaign-archive.com/,9,4337,481.8888888888889,0,0,37,154.82142857142858,4.111111111111111,9,24.324324324324326
us3.campaign-archive.com/,1,42,42,0,0,2,42,2,1,50
usertesting.lightning.force.com/,1,0,0,1,100,1,0,1,1,100
ux.btmail.bt.com/cp/index-rui.jsp,26,4121,158.5,11,42.30769230769231,69,95.79069767441861,2.6538461538461537,26,37.68115942028986
uxbooster.com/,1,64,64,0,0,2,64,2,1,50
vguss.com/view/6288149/profile/,1,0,0,1,100,1,0,1,1,100
wallet.services/blog/2018/5/11/introducing-chris-developer,2,615,307.5,0,0,15,47.15384615384615,7.5,2,13.333333333333334
Website Subscribers,1850,243656,131.70594594594596,1199,64.81081081081082,4059,110.30828429153463,2.194054054054054,1850,45.577728504557776
wiki.glasgow.social/,2,0,0,2,100,2,0,1,2,100
wiki.glasgow.social/tech,1,206,206,0,0,7,34.166666666666664,7,1,14.285714285714285
work-books.uk/,1,0,0,1,100,1,0,1,1,100
workpro.com/blog-post/how-workpro-is-helping-close-the-digital-skills-gap,1,11,11,0,0,2,11,2,1,50
wxlingke.com/blog/6288149/view/,1,0,0,1,100,1,0,1,1,100
xponorth.co.uk/companies/codeclan,1,98,98,0,0,3,49,3,1,33.33333333333333
yahoo,88,9127,103.7159090909091,46,52.27272727272727,204,78.68103448275862,2.3181818181818183,88,43.13725490196079
yammer.com/,5,908,181.6,3,60,10,181.6,2,5,50
yammer.com/gov.scot/,2,0,0,2,100,2,0,1,2,100
youtube.com/,7,1043,149,3,42.857142857142854,29,47.40909090909091,4.142857142857143,7,24.137931034482758
zapmeta.ng/ws,1,20,20,0,0,2,20,2,1,50
